SIGLA;NOME CURTO;NOME LONGO;DEFINIÄ«O
UF;C¢digo da Unidade da Federaá∆o;C¢digo da Unidade da Federaá∆o;C¢digo utilizado pelo IBGE para identificaá∆o do estado.
UFN;Nome da Unidade da Federaá∆o;Nome da Unidade da Federaá∆o;Nome da Unidade da Federaá∆o.
CODMUN6;C¢digo do Munic°pio;C¢digo do Munic°pio;C¢digo utilizado pelo IBGE para identificaá∆o do munic°pio.
CODMUN7;C¢digo do Munic°pio;C¢digo do Munic°pio;C¢digo utilizado pelo IBGE para identificaá∆o do munic°pio(com digito verificador).
NOMEMUN;Nome do Munic°pio;Nome do munic°pio;Nome do munic°pio.
ESPVIDA;Esperanáa de vida ao nascer ;Esperanáa de vida ao nascer;N£mero mÇdio de anos que as pessoas dever∆o viver a partir do nascimento, se permanecerem constantes ao longo da vida o n°vel e o padr∆o de mortalidade por idade prevalecentes no ano do Censo.
FECTOT;Taxa de fecundidade total;Taxa de fecundidade total;N£mero mÇdio de filhos que uma mulher dever† ter ao terminar o per°odo reprodutivo (15 a 49 anos de idade).
MORT1;Mortalidade infantil;Mortalidade atÇ um ano de idade;N£mero de crianáas que n∆o dever∆o sobreviver ao primeiro ano de vida em cada 1000 crianáas nascidas vivas.
MORT5;Mortalidade atÇ 5 anos de idade;Mortalidade atÇ cinco anos de idade;Probabilidade de morrer entre o nascimento e a idade exata de 5 anos, por 1000 crianáas nascidas vivas.
RAZDEP;Raz∆o de dependància;Percentual da populaá∆o de menos de 15 anos e da populaá∆o de 65 anos e mais em relaá∆o Ö populaá∆o de 15 a 64 anos;Raz∆o de dependància Ç medida pela raz∆o entre o n£mero de pessoas com 14 anos ou menos e de 65 anos ou mais de idade (populaá∆o dependente) e o n£mero de pessoas com idade de 15 a 64 anos (populaá∆o potencialmente ativa) multiplicado por 100.
SOBRE40;Probabilidade de sobrevivància atÇ 40 anos;Probabilidade de sobrevivància atÇ 40 anos;Probabilidade de uma crianáa recÇm-nascida viver atÇ os 40 anos, se permanecerem constantes ao longo da vida o n°vel e o padr∆o de mortalidade por idade prevalecentes no ano do Censo.
SOBRE60;Probabilidade de sobrevivància atÇ 60 anos;Probabilidade de sobrevivància atÇ 60 anos;Probabilidade de uma crianáa recÇm-nascida viver atÇ os 60 anos, se permanecerem constantes ao longo da vida o n°vel e o padr∆o de mortalidade por idade prevalecentes no ano do Censo.
T_ENV;Taxa de envelhecimento;Taxa de envelhecimento;Raz∆o entre a populaá∆o de 65 anos ou mais de idade e a populaá∆o total multiplicado por 100.
E_ANOSESTUDO;Expectativa de anos de estudo;Expectativa de anos de estudo aos 18 anos de idade;N£mero mÇdio de anos de estudo que uma geraá∆o de crianáas que ingressa na escola dever† completar ao atingir 18 anos de idade, se os padr‰es atuais se mantiverem ao longo de sua vida escolar.
T_ANALF11A14;Taxa de analfabetismo - 11 a 14 anos;Taxa de analfabetismo da populaá∆o de 11 a 14 anos de idade;Raz∆o entre a populaá∆o de 11 a 14 anos de idade que n∆o sabe ler nem escrever um bilhete simples e o total de pessoas nesta faixa et†ria multiplicado por 100.
T_ANALF15A17;Taxa de analfabetismo - 15 a 17 anos ;Taxa de analfabetismo da populaá∆o de 15 a 17 anos de idade;Raz∆o entre a populaá∆o de 15 a 17 anos de idade que n∆o sabe ler nem escrever um bilhete simples e o total de pessoas nesta faixa et†ria multiplicado por 100.
T_ANALF15M;Taxa de analfabetismo - 15 anos ou mais ;Taxa de analfabetismo da populaá∆o de 15 anos ou mais de idade;Raz∆o entre a populaá∆o de 15 anos ou mais de idade que n∆o sabe ler nem escrever um bilhete simples e o total de pessoas nesta faixa et†ria multiplicado por 100.
T_ANALF18A24;Taxa de analfabetismo - 18 a 24 anos ;Taxa de analfabetismo da populaá∆o de 18 a 24 anos de idade;Raz∆o entre a populaá∆o de 18 a 24 anos de idade que n∆o sabe ler nem escrever um bilhete simples e o total de pessoas nesta faixa et†ria multiplicado por 100.
T_ANALF18M;Taxa de analfabetismo - 18 anos ou mais ;Taxa de analfabetismo da populaá∆o de 18 anos ou mais de idade;Raz∆o entre a populaá∆o de 18 anos ou mais de idade que n∆o sabe ler nem escrever um bilhete simples e o total de pessoas nesta faixa et†ria multiplicado por 100.
T_ANALF25A29;Taxa de analfabetismo - 25 a 29 anos ;Taxa de analfabetismo da populaá∆o de 25 a 29 anos de idade;Raz∆o entre a populaá∆o de 25 a 29 anos de idade que n∆o sabe ler nem escrever um bilhete simples e o total de pessoas nesta faixa et†ria multiplicado por 100.
T_ANALF25M;Taxa de analfabetismo - 25 anos ou mais;Taxa de analfabetismo da populaá∆o de 25 anos ou mais de idade;Raz∆o entre a populaá∆o de 25 anos ou mais de idade que n∆o sabe ler nem escrever um bilhete simples e o total de pessoas nesta faixa et†ria multiplicado por 100.
T_ATRASO_0_BASICO;% de 6 a 17 anos no b†sico sem atraso;Percentual da populaá∆o de 6 a 17 anos de idade frequentando o ensino b†sico que n∆o tem atraso idade-sÇrie.;Raz∆o entre o n£mero de pessoas de 6 a 17 anos frequentando o ensino b†sico regular seriado (fundamental + mÇdio) sem atraso idade-sÇrie e o n£mero total de pessoas nessa faixa et†ria frequentando esse n°vel de ensino multiplicado por 100. O atraso idade-sÇrie Ç calculado pela f¢rmula: [(idade - 5) - n£mero da sÇrie frequentada], na qual o n£mero da sÇrie frequentada Ç 10, 11 e 12 para as pessoas que frequentam a 1¶, a 2¶ e a 3¶ sÇries do ensino mÇdio, respectivamente. Foram consideradas sem atraso n∆o s¢ as pessoas para as quais o resultado dessa f¢rmula foi igual a zero, mas tambÇm aquelas para as quais o resultado foi menor do que zero, ou seja, as pessoas com adiantamento idade-sÇrie. As pessoas de 6 a 14 anos frequentando a prÇ-escola foram consideradas como se estivessem no 1ß ano do ensino fundamental. As pessoas de 15 a 17 anos frequentando a 4¶ sÇrie do ensino mÇdio foram consideradas como j† tendo conclu°do esse n°vel de ensino.
T_ATRASO_0_FUND;% de 6 a 14 anos no fundamental sem atraso;Percentual da populaá∆o de 6 a 14 anos de idade frequentando o ensino fundamental que n∆o tem atraso idade-sÇrie.;Raz∆o entre o n£mero de pessoas de 6 a 14 anos frequentando o ensino fundamental regular seriado sem atraso idade-sÇrie e o n£mero total de pessoas nessa faixa et†ria frequentando esse n°vel de ensino multiplicado por 100. O atraso idade-sÇrie Ç calculado pela f¢rmula: [(idade - 5) - n£mero da sÇrie frequentada] e foram consideradas sem atraso n∆o s¢ as pessoas para as quais o resultado dessa f¢rmula foi igual a zero, mas tambÇm aquelas para as quais o resultado foi menor do que zero, ou seja, as pessoas com adiantamento idade-sÇrie. As pessoas de 6 a 14 anos frequentando a prÇ-escola foram consideradas como se estivessem no 1ß ano do ensino fundamental.
T_ATRASO_0_MED;% de 15 a 17 anos no mÇdio sem atraso;Percentual da populaá∆o de 15 a 17 anos de idade frequentando o ensino mÇdio que n∆o tem atraso idade-sÇrie.;Raz∆o entre o n£mero de pessoas de 15 a 17 anos frequentando o ensino mÇdio regular seriado sem atraso idade-sÇrie e o n£mero total de pessoas nessa faixa et†ria frequentando esse n°vel de ensino multiplicado por 100. O atraso idade-sÇrie Ç calculado pela f¢rmula: [(idade - 14) - n£mero da sÇrie frequentada] e foram consideradas sem atraso n∆o s¢ as pessoas para as quais o resultado dessa f¢rmula foi igual a zero, mas tambÇm aquelas para as quais o resultado foi menor do que zero, ou seja, as pessoas com adiantamento idade-sÇrie. As pessoas de 15 a 17 anos frequentando a 4¶ sÇrie do ensino mÇdio foram consideradas como j† tendo conclu°do esse n°vel de ensino.
T_ATRASO_1_BASICO;% de 6 a 17 no b†sico com 1 ano de atraso;Percentual da populaá∆o de 6 a 17 anos de idade frequentando o ensino b†sico que tem 1 ano de atraso idade-sÇrie.;Raz∆o entre o n£mero de pessoas de 6 a 17 anos frequentando o ensino b†sico regular seriado (fundamental + mÇdio) com atraso idade-sÇrie de 1 ano e o n£mero total de pessoas nessa faixa et†ria frequentando esse n°vel de ensino multiplicado por 100. O atraso idade-sÇrie Ç calculado pela f¢rmula: [(idade - 5) - n£mero da sÇrie frequentada], na qual o n£mero da sÇrie frequentada Ç 10, 11 e 12 para as pessoas que frequentam a 1¶, a 2¶ e a 3¶ sÇries do ensino mÇdio, respectivamente. As pessoas de 6 a 14 anos frequentando a prÇ-escola foram consideradas como se estivessem no 1ß ano do ensino fundamental. As pessoas de 15 a 17 anos frequentando a 4¶ sÇrie do ensino mÇdio foram consideradas como j† tendo conclu°do esse n°vel de ensino.
T_ATRASO_1_FUND;% de 6 a 14 anos no fundamental com 1 ano de atraso;Percentual da populaá∆o de 6 a 14 anos de idade frequentando o ensino fundamental que tem 1 ano de atraso idade-sÇrie.;Raz∆o entre o n£mero de pessoas de 6 a 14 anos frequentando o ensino fundamental regular seriado com atraso idade-sÇrie de 1 ano e o n£mero total de pessoas nessa faixa et†ria frequentando esse n°vel de ensino multiplicado por 100. O atraso idade-sÇrie Ç calculado pela f¢rmula: [(idade - 5) - n£mero da sÇrie frequentada]. As pessoas de 6 a 14 anos frequentando a prÇ-escola foram consideradas como se estivessem no 1ß ano do ensino fundamental.
T_ATRASO_1_MED;% de 15 a 17 no mÇdio com 1 ano de atraso;Percentual da populaá∆o de 15 a 17 anos de idade frequentando o ensino mÇdio que tem 1 ano de atraso idade-sÇrie.;Raz∆o entre o n£mero de pessoas de 15 a 17 anos frequentando o ensino mÇdio regular seriado com atraso idade-sÇrie de 1 ano e o n£mero total de pessoas nessa faixa et†ria frequentando esse n°vel de ensino multiplicado por 100. O atraso idade-sÇrie Ç calculado pela f¢rmula: [(idade - 14) - n£mero da sÇrie frequentada]. As pessoas de 15 a 17 anos frequentando a 4¶ sÇrie do ensino mÇdio foram consideradas como j† tendo conclu°do esse n°vel de ensino.
T_ATRASO_2_BASICO;% de 6 a 17 anos no b†sico com 2 anos ou mais de atraso;Percentual da populaá∆o de 6 a 17 anos de idade frequentando o ensino b†sico que tem 2 anos ou mais de atraso idade-sÇrie.;Raz∆o entre o n£mero de pessoas de 6 a 17 anos frequentando o ensino b†sico regular seriado (fundamental + mÇdio) com atraso idade-sÇrie de 2 anos ou mais e o n£mero total de pessoas nessa faixa et†ria frequentando esse n°vel de ensino multiplicado por 100. O atraso idade-sÇrie Ç calculado pela f¢rmula: [(idade - 5) - n£mero da sÇrie frequentada], na qual o n£mero da sÇrie frequentada Ç 10, 11 e 12 para as pessoas que frequentam a 1¶, a 2¶ e a 3¶ sÇries do ensino mÇdio, respectivamente. As pessoas de 6 a 14 anos frequentando a prÇ-escola foram consideradas como se estivessem no 1ß ano do ensino fundamental. As pessoas de 15 a 17 anos frequentando a 4¶ sÇrie do ensino mÇdio foram consideradas como j† tendo conclu°do esse n°vel de ensino.
T_ATRASO_2_FUND;% de 6 a 14 anos no fundamental com 2 anos ou mais de atraso;Percentual da populaá∆o de 6 a 14 anos de idade frequentando o ensino fundamental que tem 2 anos ou mais de atraso idade-sÇrie.;Raz∆o entre o n£mero de pessoas de 6 a 14 anos frequentando o ensino fundamental regular seriado com atraso idade-sÇrie de 2 anos ou mais e o n£mero total de pessoas nessa faixa et†ria frequentando esse n°vel de ensino multiplicado por 100. O atraso idade-sÇrie Ç calculado pela f¢rmula: [(idade - 5) - n£mero da sÇrie frequentada]. As pessoas de 6 a 14 anos frequentando a prÇ-escola foram consideradas como se estivessem no 1ß ano do ensino fundamental.
T_ATRASO_2_MED;% de 15 a 17 anos no mÇdio com 2 anos de atraso;Percentual da populaá∆o de 15 a 17 anos de idade frequentando o ensino mÇdio que tem  2 anos de atraso idade-sÇrie.;Raz∆o entre o n£mero de pessoas de 15 a 17 anos frequentando o ensino mÇdio regular seriado com atraso idade-sÇrie de 2 anos e o n£mero total de pessoas nessa faixa et†ria frequentando esse n°vel de ensino multiplicado por 100. O atraso idade-sÇrie Ç calculado pela f¢rmula: [(idade - 14) - n£mero da sÇrie frequentada]. As pessoas de 15 a 17 anos frequentando a 4¶ sÇrie do ensino mÇdio foram consideradas como j† tendo conclu°do esse n°vel de ensino.
T_FBBAS;Taxa de frequància bruta ao b†sico;Taxa de frequància bruta ao ensino   b†sico;Raz∆o entre o n£mero total de pessoas de qualquer idade frequentando o ensino b†sico (fundamental ou mÇdio - regular ou seriado) e a populaá∆o na faixa et†ria de 6 a 17 anos multiplicado por 100. As pessoas frequentando a 4¶ sÇrie do ensino mÇdio foram consideradas como tendo conclu°do esse n°vel de ensino. As pessoas de 6 anos ou mais frequentando a prÇ-escola foram consideradas como se estivessem no 1ß ano do ensino fundamental.
T_FBFUND;Taxa de frequància bruta ao fundamental;Taxa de frequància bruta ao ensino   fundamental;Raz∆o entre o n£mero total de pessoas de qualquer idade frequentando o ensino fundamental regular seriado e a populaá∆o na faixa et†ria de 6 a 14 anos multiplicado por 100. As pessoas de 6 anos ou mais frequentando a prÇ-escola foram consideradas como se estivessem no 1ß ano do ensino fundamental.
T_FBMED;Taxa de frequància bruta ao mÇdio;Taxa de frequància bruta ao ensino   mÇdio;Raz∆o entre o n£mero total de pessoas de qualquer idade frequentando o ensino mÇdio regular seriado e a populaá∆o na faixa et†ria de 15 a 17 anos multiplicado por 100. As pessoas frequentando a 4¶ sÇrie do ensino mÇdio foram consideradas como tendo conclu°do esse n°vel de ensino.
T_FBPRE;Taxa de frequància bruta Ö prÇ-escola;Taxa de frequància bruta Ö prÇ-escola;Raz∆o entre o n£mero total de crianáas de atÇ 5 anos de idade (somente 5 anos em 1991) frequentando a prÇ-escola e a populaá∆o nessa mesma faixa et†ria multiplicado por 100. As pessoas de 6 anos ou mais frequentando a prÇ-escola foram consideradas como se estivessem no 1ß ano do ensino fundamental.
T_FBSUPER;Taxa de frequància bruta ao superior;Taxa de frequància bruta ao ensino   superior;Raz∆o entre o n£mero total de pessoas de qualquer idade frequentando o ensino superior (graduaá∆o, especializaá∆o, mestrado ou doutorado) e a populaá∆o na faixa et†ria de 18 a 24 anos multiplicado por 100.
T_FLBAS;Taxa de frequància l°quida ao b†sico;Taxa de frequància l°quida ao ensino   b†sico;Raz∆o entre o n£mero de pessoas na faixa et†ria de 6 a 17 anos frequentando o ensino b†sico (fundamental ou mÇdio - regular ou seriado) e a populaá∆o total dessa mesma faixa et†ria multiplicado por 100. As pessoas de 6 a 17 anos frequentando a prÇ-escola foram consideradas como se estivessem no 1ß ano do ensino fundamental. As pessoas de 6 a 17 anos frequentando a 4¶ sÇrie do ensino mÇdio foram consideradas como j† tendo conclu°do esse n°vel de ensino.
T_FLFUND;Taxa de frequància l°quida ao fundamental;Taxa de frequància l°quida ao ensino   fundamental;Raz∆o entre o n£mero de pessoas na faixa et†ria de 6 a 14 anos frequentando o ensino fundamental regular seriado e a populaá∆o total dessa mesma faixa et†ria multiplicado por 100. As pessoas de 6 a 14 anos frequentando a prÇ-escola foram consideradas como se estivessem no 1ß ano do ensino fundamental.
T_FLMED;Taxa de frequància l°quida ao mÇdio;Taxa de frequància l°quida ao ensino   mÇdio;Raz∆o entre o n£mero de pessoas na faixa et†ria de 15 a 17 anos frequentando o ensino mÇdio regular seriado e a populaá∆o total dessa mesma faixa et†ria multiplicado por 100. As pessoas de 15 a 17 anos frequentando a 4¶ sÇrie do ensino mÇdio foram consideradas como j† tendo conclu°do esse n°vel de ensino.
T_FLPRE;Taxa de frequància l°quida Ö prÇ-escola;Taxa de frequància l°quida Ö prÇ-escola;Raz∆o entre o n£mero de pessoas na faixa et†ria de 4 e 5 anos (somente 5 anos em 1991) frequentando a prÇ-escola e a populaá∆o total dessa mesma faixa et†ria multiplicado por 100.
T_FLSUPER;Taxa de frequància l°quida ao superior;Taxa de frequància l°quida ao ensino   superior;Raz∆o entre o n£mero de pessoas na faixa et†ria de 18 a 24 anos frequentando o ensino superior (graduaá∆o, especializaá∆o, mestrado ou doutorado) e a populaá∆o total dessa mesma faixa et†ria multiplicado por 100.
T_FREQ0A3;% de 0 a 3 anos na escola;Taxa de atendimento escolar da populaá∆o de 0 a 3 anos de idade ;Raz∆o entre a populaá∆o de 0 a 3 anos de idade que estava frequentando a escola, em qualquer n°vel ou sÇrie e a populaá∆o total nesta faixa et†ria multiplicado por 100. Dado n∆o dispon°vel para 1991.
T_FREQ11A14;% de 11 a 14 anos na escola;Taxa de atendimento escolar da populaá∆o de 11 a 14 anos de idade ;Raz∆o entre a populaá∆o de 11 a 14 anos de idade que estava frequentando a escola, em qualquer n°vel ou sÇrie e a populaá∆o total nesta faixa et†ria multiplicado por 100.
T_FREQ15A17;% de 15 a 17 anos na escola;Taxa de atendimento escolar da populaá∆o de 15 a 17 anos de idade ;Raz∆o entre a populaá∆o de 15 a 17 anos de idade que estava frequentando a escola, em qualquer n°vel ou sÇrie e a populaá∆o total nesta faixa et†ria multiplicado por 100.
T_FREQ18A24;% de 18 a 24 anos na escola;Taxa de atendimento escolar da populaá∆o de 18 a 24 anos de idade ;Raz∆o entre a populaá∆o de 18 a 24 anos de idade que estava frequentando a escola, em qualquer n°vel ou sÇrie e a populaá∆o total nesta faixa et†ria multiplicado por 100.
T_FREQ25A29;% de 25 a 29 anos na escola;Taxa de atendimento escolar da populaá∆o de 25 a 29 anos de idade ;Raz∆o entre a populaá∆o de 25 a 29 anos de idade que estava frequentando a escola, em qualquer n°vel ou sÇrie e a populaá∆o total nesta faixa et†ria multiplicado por 100.
T_FREQ4A5;% de 4 a 5 anos na escola;Taxa de atendimento escolar da populaá∆o de 4 a 5 anos de idade ;Raz∆o entre a populaá∆o de 4 a 5 anos de idade que estava frequentando a escola, em qualquer n°vel ou sÇrie e a populaá∆o total nesta faixa et†ria multiplicado por 100.
T_FREQ4A6 ;% de 4 a 6 anos na escola;Percentual da populaá∆o de 4 a 6 anos de idade frequentando a escola;Raz∆o entre a populaá∆o de 4 a 6 anos de idade que estava frequentando a escola, em qualquer n°vel ou sÇrie e a populaá∆o total nesta faixa et†ria multiplicado por 100.
T_FREQ5a6 ;% de 5 a 6 anos na escola;Percentual da populaá∆o de 5 a 6 anos de idade frequentando a escola;Raz∆o entre a populaá∆o de 5 a 6 anos de idade que estava frequentando a escola, em qualquer n°vel ou sÇrie e a populaá∆o total nesta faixa et†ria multiplicado por 100.
T_FREQ6;% de 6 anos na escola;Taxa de atendimento escolar da populaá∆o de 6 anos de idade ;Raz∆o entre a populaá∆o de 6 anos de idade que estava frequentando a escola, em qualquer n°vel ou sÇrie e a populaá∆o total nesta faixa et†ria multiplicado por 100.
T_FREQ6A14;% de 6 a 14 anos na escola;Taxa de atendimento escolar da populaá∆o de 6 a 14 anos de idade ;Raz∆o entre a populaá∆o de 6 a 14 anos de idade que estava frequentando a escola, em qualquer n°vel ou sÇrie e a populaá∆o total nesta faixa et†ria multiplicado por 100.
T_FREQ6A17;% de 6 a 17 anos na escola;Taxa de atendimento escolar da populaá∆o de 6 a 17 anos de idade ;Raz∆o entre populaá∆o de 6 a 17 anos de idade que estava frequentando a escola, em qualquer n°vel ou sÇrie e a populaá∆o total nesta faixa et†ria multiplicado por 100.
T_FREQFUND1517;% de 15 a 17 anos no fundamental;Percentual da populaá∆o de 15 a 17 anos de idade frequentando o ensino fundamental;Raz∆o entre a populaá∆o de 15 a 17 anos de idade frequentando o ensino fundamental regular seriado e o total de pessoas nesta faixa et†ria multiplicado por 100.
T_FREQFUND1824;% de 18 a 24 anos no fundamental;Percentual da populaá∆o de 18 a 24 anos de idade frequentando o ensino fundamental;Raz∆o entre a populaá∆o de 18 a 24 anos frequentando o ensino fundamental regular seriado e o total de pessoas nesta faixa et†ria multiplicado por 100.
T_FREQFUND45;% de 4 a 5 anos no fundamental;Percentual da populaá∆o de 4 a 5 anos de idade frequentando o ensino fundamental;Raz∆o entre a populaá∆o de 4 a 5 anos de idade frequentando o ensino fundamental regular seriado e o total de pessoas nesta faixa et†ria multiplicado por 100.
T_FREQMED1824;% de 18 a 24 anos no mÇdio;Percentual da populaá∆o de 18 a 24 anos de idade frequentando o ensino mÇdio;Raz∆o entre a populaá∆o de 18 a 24 anos frequentando o ensino mÇdio regular seriado e o total de pessoas nesta faixa et†ria multiplicado por 100. As pessoas de 18 a 24 anos frequentando a 4a. sÇrie do ensino mÇdio foram consideradas como j† tendo conclu°do esse n°vel de ensino.
T_FREQMED614;% de 6 a 14 anos no mÇdio;Percentual da populaá∆o de 6 a 14 anos de idade frequentando o ensino mÇdio;Raz∆o entre a populaá∆o de 6 a 14 anos de idade frequentando o ensino mÇdio regular seriado e o total de pessoas nesta faixa et†ria multiplicado por 100.
T_FREQSUPER1517;% de 15 a 17 anos no superior;Percentual da populaá∆o de 15 a 17 anos de idade frequentando o ensino superior;Raz∆o entre a populaá∆o de 15 a 17 anos de idade frequentando o ensino superior (graduaá∆o, especializaá∆o, mestrado ou doutorado) e o total de pessoas nesta faixa et†ria multiplicado por 100.
T_FUND11a13;% de 11 a 13 anos nos anos finais do fundamental ou com fundamental completo;Percentual da populaá∆o de 11 a 13 anos de idade frequentando os anos  finais do fundamental ou que j† concluiu o fundamental;Raz∆o entre a populaá∆o de 11 a 13 anos de idade que frequenta os quatro anos finais do fundamental (do 6ß ao 9ß ano desse n°vel de ensino) ou que j† concluiu o fundamental e a populaá∆o total nesta faixa et†ria multiplicado por 100.
T_FUND12A14;% de 12 a 14 anos nos anos finais do fundamental ou com fundamental completo;Percentual da populaá∆o de 12 a 14 anos de idade frequentando os anos  finais do fundamental ou que j† concluiu o fundamental;Raz∆o entre a populaá∆o de 12 a 14 anos de idade que frequenta os quatro anos finais do fundamental (do 6ß ao 9ß ano desse n°vel de ensino) ou que j† concluiu o fundamental e a populaá∆o total nesta faixa et†ria multiplicado por 100.
T_FUND15A17;% de 15 a 17 anos com fundamental completo;Percentual da populaá∆o de 15 a 17 anos com fundamental completo;Raz∆o entre a populaá∆o de 15 a 17 anos de idade que concluiu o ensino fundamental, em quaisquer de suas modalidades (regular seriado, n∆o seriado, EJA ou supletivo) e o total de pessoas nesta faixa et†ria multiplicado por 100.
T_FUND16A18;% de 16 a 18 anos com fundamental completo;Percentual da populaá∆o de 16 a 18 anos de idade com o ensino fundamental completo;Raz∆o entre a populaá∆o de 16 a 18 anos de idade que j† concluiu o ensino fundamental em quaisquer de suas modalidades (regular seriado, n∆o seriado, EJA ou supletivo) e o total de pessoas nesta faixa et†ria multiplicado por 100.
T_FUND18A24;% de 18 a 24 anos com fundamental completo;Percentual da populaá∆o de 18 a 24 anos com fundamental completo;Raz∆o entre a populaá∆o de 18 a 24 anos de idade que concluiu o ensino fundamental, em quaisquer de suas modalidades (regular seriado, n∆o seriado, EJA ou supletivo) e o total de pessoas nesta faixa et†ria multiplicado por 100.
T_FUND18M;% de 18 anos ou mais com fundamental completo;Percentual da populaá∆o de 18 anos ou mais com fundamental completo;Raz∆o entre a populaá∆o de 18 anos ou mais de idade que concluiu o ensino fundamental, em quaisquer de suas modalidades (regular seriado, n∆o seriado, EJA ou supletivo) e o total de pessoas nesta faixa et†ria multiplicado por 100.
T_FUND25M;% de 25 anos ou mais com fundamental completo;Percentual da populaá∆o de 25 anos ou mais com fundamental completo;Raz∆o entre a populaá∆o de 25 anos ou mais de idade que concluiu o ensino fundamental, em quaisquer de suas modalidades (regular seriado, n∆o seriado, EJA ou supletivo) e o total de pessoas nesta faixa et†ria multiplicado por 100.
T_MED18a20;% de 18 a 20 anos com mÇdio completo;Percentual da populaá∆o de 18 a 20 anos de idade com o ensino mÇdio completo;Raz∆o entre a populaá∆o de 18 a 20 anos de idade que j† concluiu o ensino mÇdio em quaisquer de suas modalidades (regular seriado, n∆o seriado, EJA ou supletivo) e o total de pessoas nesta faixa et†ria multiplicado por 100. As pessoas de 18 a 20 anos frequentando a 4¶ sÇrie do ensino mÇdio foram consideradas como j† tendo conclu°do esse n°vel de ensino.
T_MED18A24;% de 18 a 24 anos com mÇdio completo;Percentual da populaá∆o de 18 a 24 anos com ensino mÇdio completo;Raz∆o entre a populaá∆o de 18 a 24 anos de idade que concluiu o ensino mÇdio, em quaisquer de suas modalidades (regular seriado, n∆o seriado, EJA ou supletivo) e o total de pessoas nesta faixa et†ria multiplicado por 100. Foram consideradas como tendo conclu°do o ensino mÇdio as pessoas frequentando a 4¶ sÇrie desse n°vel.
T_MED18M;% de 18 anos ou mais com mÇdio completo;Percentual da populaá∆o de 18 anos ou mais com ensino mÇdio completo;Raz∆o entre a populaá∆o de 18 anos ou mais de idade que concluiu o ensino mÇdio, em quaisquer de suas modalidades (regular seriado, n∆o seriado, EJA ou supletivo) e o total de pessoas nesta faixa et†ria multiplicado por 100. Foram consideradas como tendo conclu°do o ensino mÇdio as pessoas frequentando a 4¶ sÇrie desse n°vel.
T_MED19A21;% de 19 a 21 anos com mÇdio completo;Percentual da populaá∆o de 19 a 21 anos de idade com o ensino mÇdio completo;Raz∆o entre a populaá∆o de 19 a 21 anos de idade que j† concluiu o ensino mÇdio em quaisquer de suas modalidades (regular seriado, n∆o seriado, EJA ou supletivo) e o total de pessoas nesta faixa et†ria multiplicado por 100. As pessoas de 19 a 21 anos frequentando a 4¶ sÇrie do ensino mÇdio foram consideradas como j† tendo conclu°do esse n°vel de ensino.
T_MED25M;% de 25 anos ou mais com mÇdio completo;Percentual da populaá∆o de 25 anos ou mais com ensino mÇdio incompleto;Raz∆o entre a populaá∆o de 25 anos ou mais de idade que concluiu o ensino mÇdio, em quaisquer de suas modalidades (regular seriado, n∆o seriado, EJA ou supletivo) e o total de pessoas nesta faixa et†ria multiplicado por 100. Foram consideradas como tendo conclu°do o ensino mÇdio as pessoas frequentando a 4¶ sÇrie desse n°vel.
T_SUPER25M;% de 25 anos ou mais com superior completo;Percentual da populaá∆o de 25 anos ou mais com superior completo;Raz∆o entre a populaá∆o de 25 anos ou mais de idade que concluiu pelo menos a graduaá∆o do ensino superior e o total de pessoas nesta faixa et†ria multiplicado por 100.
CORTE1;Renda per capita m†xima do 1ß quinto mais pobre;Renda domiciliar per capita m†xima do quinto mais pobre;Valor do 1ß quintil da distribuiá∆o de indiv°duos segundo a renda domiciliar per capita, ou seja, valor m†ximo da renda domiciliar per capita dos indiv°duos pertencentes ao quinto mais pobre dessa distribuiá∆o. Valores em reais de 01/agosto/2010.
CORTE2;Renda per capita m†xima do 2¯ quinto mais pobre;Renda domiciliar per capita m†xima do 2ß quinto mais pobre;Valor do 2ß quintil da distribuiá∆o de indiv°duos segundo a renda domiciliar per capita, ou seja, valor m†ximo da renda domiciliar per capita dos indiv°duos pertencentes ao 2ß quinto mais pobre dessa distribuiá∆o. Valores em reais de 01/agosto/2010.
CORTE3;Renda per capita m†xima do 3¯ quinto mais pobre;Renda domiciliar per capita m†xima do 3ß quinto mais pobre;Valor do 3ß quintil da distribuiá∆o de indiv°duos segundo a renda domiciliar per capita, ou seja, valor m†ximo da renda domiciliar per capita dos indiv°duos pertencentes ao 3ß quinto mais pobre dessa distribuiá∆o. Valores em reais de 01/agosto/2010.
CORTE4;Renda per capita m†xima do 4¯quinto mais pobre;Renda domiciliar per capita m†xima do 3ß quinto mais pobre;Valor do 4ß quintil da distribuiá∆o de indiv°duos segundo a renda domiciliar per capita, ou seja, valor m†ximo da renda domiciliar per capita dos indiv°duos pertencentes ao 4ß quinto mais pobre dessa distribuiá∆o. Valores em reais de 01/agosto/2010.
CORTE9;Renda per capita m°nima do dÇcimo mais rico;Renda domiciliar per capita m°nima do dÇcimo mais rico;Valor do 9ß decil da distribuiá∆o de indiv°duos segundo a renda domiciliar per capita, ou seja, valor m°nimo da renda domiciliar per capita dos indiv°duos pertencentes ao dÇcimo mais rico dessa distribuiá∆o. Valores em reais de 01/agosto/2010.
GINI;÷ndice de Gini;÷ndice de Gini;Mede o grau de desigualdade existente na distribuiá∆o de indiv°duos segundo a renda domiciliar per capita. Seu valor varia de 0, quando n∆o h† desigualdade (a renda domiciliar per capita de todos os indiv°duos tem o mesmo valor), a 1, quando a desigualdade Ç m†xima (apenas um indiv°duo detÇm toda a renda).O universo de indiv°duos Ç limitado Öqueles que vivem em domic°lios particulares permanentes.
PIND;% de extremamente pobres;Proporá∆o de extremamente pobres;Proporá∆o dos indiv°duos com renda domiciliar per capita igual ou inferior a R$ 70,00 mensais, em reais de agosto de 2010. O universo de indiv°duos Ç limitado Öqueles que vivem em domic°lios particulares permanentes.
PINDCRI;% de crianáas extremamente pobres;Proporá∆o de crianáas extremamente pobres;Proporá∆o dos indiv°duos com atÇ 14 anos de idade que tàm renda domiciliar per capita igual ou inferior a R$ 70,00 mensais, em reais de agosto de 2010. O universo de indiv°duos Ç limitado Öqueles que vivem em domic°lios particulares permanentes.
PMPOB;% de pobres;Proporá∆o de pobres;Proporá∆o dos indiv°duos com renda domiciliar per capita igual ou inferior a R$ 140,00 mensais, em reais de agosto de 2010. O universo de indiv°duos Ç limitado Öqueles que vivem em domic°lios particulares permanentes.
PMPOBCRI;% de crianáas pobres;Proporá∆o de crianáas pobres;Proporá∆o dos indiv°duos com atÇ 14 anos de idade que tàm renda domiciliar per capita igual ou inferior a R$ 140,00 mensais, em reais de agosto de 2010. O universo de indiv°duos Ç limitado Öqueles com atÇ 14 anos e que vivem em domic°lios particulares permanentes.
PPOB;% de vulner†veis Ö pobreza;Proporá∆o de vulner†veis Ö pobreza;Proporá∆o dos indiv°duos com renda domiciliar per capita igual ou inferior a R$ 255,00 mensais, em reais de agosto de 2010, equivalente a 1/2 sal†rio m°nimo nessa data. O universo de indiv°duos Ç limitado Öqueles que vivem em domic°lios particulares permanentes.
PPOBCRI;% de crianáas vulner†veis Ö pobreza;Proporá∆o de crianáas vulner†veis Ö pobreza;Proporá∆o dos indiv°duos com atÇ 14 anos de idade que tàm renda domiciliar per capita igual ou inferior a R$ 255,00 mensais, em reais de agosto de 2010, equivalente a 1/2 sal†rio m°nimo nessa data. O universo de indiv°duos Ç limitado Öqueles com atÇ 14 anos e que vivem em domic°lios particulares permanentes.
PREN10RICOS;Percentual da renda apropriada pelos 10% mais ricos;Percentual da renda total apropriada pelos 10% da populaá∆o com maior renda domiciliar per capita;Percentual da renda total apropriada pelos indiv°duos pertencentes ao dÇcimo mais rico da distribuiá∆o dos indiv°duos segundo a renda domiciliar per capita. O universo de indiv°duos Ç limitado Öqueles que vivem em domic°lios particulares permanentes.
PREN20;Percentual da renda apropriada pelos 20% mais pobres;Percentual da renda total apropriada pelos 20% da populaá∆o com menor renda domiciliar per capita;Percentual da renda total apropriada pelos indiv°duos pertencentes ao quinto mais pobre da distribuiá∆o dos indiv°duos segundo a renda domiciliar per capita. O universo de indiv°duos Ç limitado Öqueles que vivem em domic°lios particulares permanentes.
PREN20RICOS;Percentual da renda apropriada pelos 20% mais ricos;Percentual da renda total apropriada pelos 20% da populaá∆o com maior renda domiciliar per capita;Percentual da renda total apropriada pelos indiv°duos pertencentes ao quinto mais rico da distribuiá∆o dos indiv°duos segundo a renda domiciliar per capita. O universo de indiv°duos Ç limitado Öqueles que vivem em domic°lios particulares permanentes.
PREN40;Percentual da renda apropriada pelos 40% mais pobres;Percentual da renda total apropriada pelos 40% da populaá∆o com menor renda domiciliar per capita;Percentual da renda total apropriada pelos indiv°duos pertencentes aos dois quintos mais pobres da distribuiá∆o dos indiv°duos segundo a renda domiciliar per capita. O universo de indiv°duos Ç limitado Öqueles que vivem em domic°lios particulares permanentes.
PREN60;Percentual da renda apropriada pelos 60% mais pobres;Percentual da renda total apropriada pelos 60% da populaá∆o com menor renda domiciliar per capita;Percentual da renda total apropriada pelos indiv°duos pertencentes aos tràs quintos mais pobres da distribuiá∆o dos indiv°duos segundo a renda domiciliar per capita. O universo de indiv°duos Ç limitado Öqueles que vivem em domic°lios particulares permanentes.
PREN80;Percentual da renda apropriada pelos 80% mais pobres;Percentual da renda total apropriada pelos 80% da populaá∆o com menor renda domiciliar per capita;Percentual da renda total apropriada pelos indiv°duos pertencentes aos quatro quintos mais pobres da distribuiá∆o dos indiv°duos segundo a renda domiciliar per capita. O universo de indiv°duos Ç limitado Öqueles que vivem em domic°lios particulares permanentes.
PRENTRAB;% da renda proveniente de rendimentos do trabalho;Percentual da renda proveniente de rendimentos do trabalho;Participaá∆o percentual das rendas provenientes do trabalho (principal e outros) na renda total, considerando-se apenas as pessoas que vivem em domic°lios particulares permanentes. 
R1040;Raz∆o 10% mais ricos / 40% mais pobres;Raz∆o 10% mais ricos / 40% mais pobres;Medida do grau de desigualdade existente na distribuiá∆o de indiv°duos segundo a renda domiciliar per capita. Compara a renda per capita mÇdia dos indiv°duos pertencentes ao dÇcimo mais rico dessa distribuiá∆o com a renda capita mÇdia dos indiv°duos pertencentes aos dois quintos mais pobres. O universo de indiv°duos Ç limitado Öqueles que vivem em domic°lios particulares permanentes.
R2040;Raz∆o 20% mais ricos / 40% mais pobres;Raz∆o 20% mais ricos / 40% mais pobres;Medida do grau de desigualdade existente na distribuiá∆o de indiv°duos segundo a renda domiciliar per capita. Compara a renda per capita mÇdia dos indiv°duos pertencentes ao quinto mais rico dessa distribuiá∆o com a renda per capita mÇdia dos indiv°duos pertencentes aos dois quintos mais pobres. O universo de indiv°duos Ç limitado Öqueles que vivem em domic°lios particulares permanentes.
RDPC;Renda per capita ;Renda per capita mÇdia;Raz∆o entre o somat¢rio da renda de todos os indiv°duos residentes em domic°lios particulares permanentes e o n£mero total desses indiv°duos. Valores em reais de 01/agosto de 2010.
RDPC1;Renda per capita mÇdia do 1ß quinto mais pobre;Renda domiciliar per capita mÇdia do quinto mais pobre;MÇdia da renda domiciliar per capita dos indiv°duos pertencentes ao quinto mais pobre da distribuiá∆o de indiv°duos segundo a renda domiciliar per capita. Valores em reais de 01/08/2010.
RDPC10;Renda per capita mÇdia do dÇcimo mais rico;Renda domiciliar per capita mÇdia do dÇcimo mais rico;MÇdia da renda domiciliar per capita dos indiv°duos pertencentes ao dÇcimo mais rico da distribuiá∆o de indiv°duos segundo a renda domiciliar per capita. Valores em reais de 01/08/2010.
RDPC2;Renda per capita mÇdia do 2ß quinto mais pobre;Renda domiciliar per capita  mÇdia do 2ß quinto mais pobre;MÇdia da renda domiciliar per capita dos indiv°duos pertencentes ao 2ß quinto mais pobre da distribuiá∆o de indiv°duos segundo a renda domiciliar per capita. Valores em reais de 01/08/2010.
RDPC3;Renda per capita mÇdia do 3ß quinto mais pobre;Renda domiciliar per capita  mÇdia do 3ß quinto mais pobre;MÇdia da renda domiciliar per capita dos indiv°duos pertencentes ao 3ß quinto mais pobre da distribuiá∆o de indiv°duos segundo a renda domiciliar per capita. Valores em reais de 01/08/2010.
RDPC4;Renda per capita mÇdia do 4ß quinto mais pobre;Renda domiciliar per capita  mÇdia do 3ß quinto mais pobre;MÇdia da renda domiciliar per capita dos indiv°duos pertencentes ao 4ß quinto mais pobre da distribuiá∆o de indiv°duos segundo a renda domiciliar per capita. Valores em reais de 01/08/2010.
RDPC5;Renda per capita mÇdia do quinto mais rico;Renda domiciliar per capita mÇdia do quinto mais rico;MÇdia da renda domiciliar per capita dos indiv°duos pertencentes ao quinto mais rico da distribuiá∆o de indiv°duos segundo a renda domiciliar per capita. Valores em reais de 01/08/2010.
RDPCT;Renda per capita , exceto renda nula;Renda domiciliar per capita mÇdia, exceto renda nula;Raz∆o entre o somat¢rio da renda domiciliar per capita de todos os indiv°duos residentes em domic°lios particulares permanentes com renda n∆o-nula e o n£mero total desses indiv°duos. Valores em reais de 01/agosto de 2010.
RIND;Renda per capita mÇdia dos extremamente pobres;Renda domiciliar per capita mÇdia dos extremamente pobres;MÇdia da renda domiciliar per capita das pessoas com renda domiciliar per capita igual ou inferior a R$ 70,00 mensais, a preáos de agosto de 2010. O universo de indiv°duos Ç limitado Öqueles que vivem em domic°lios particulares permanentes.
RMPOB;Renda per capita mÇdia dos pobres;Renda domiciliar per capita mÇdia dos pobres;MÇdia da renda domiciliar per capita das pessoas com renda domiciliar per capita igual ou inferior a R$ 140,00 mensais, a preáos de agosto de 2010. O universo de indiv°duos Ç limitado Öqueles que vivem em domic°lios particulares permanentes.
RPOB;Renda per capita mÇdia dos vulner†veis Ö pobreza;Renda domiciliar per capita mÇdia dos vulneraveis Ö pobreza;MÇdia da renda domiciliar per capita das pessoas com renda domiciliar per capita igual ou inferior a R$ 255,00 mensais, a preáos de agosto de 2010. O universo de indiv°duos Ç limitado Öqueles que vivem em domic°lios particulares permanentes.
THEIL;÷ndice de Theil - L;÷ndice de Theil - L;Mede a desigualdade na distribuiá∆o de indiv°duos segundo a renda domiciliar per capita, exclu°dos aqueles com renda domiciliar per capita nula. ê o logaritmo da raz∆o entre as mÇdias aritmÇtica e geomÇtrica da renda domiciliar per capita dos indiv°duos, sendo nulo quando n∆o existir desigualdade de renda entre eles e tendente ao infinito quando a desigualdade tender ao m†ximo.
CPR;% de trabalhadores por conta pr¢pria - 18 anos ou mais;Percentual de ocupados de 18 anos ou mais que s∆o trabalhadores por conta pr¢pria.;Raz∆o entre o n£mero de trabalhadores por conta pr¢pria de 18 anos ou mais de idade e o n£mero total de pessoas ocupadas nessa faixa et†ria multiplicado por 100.
EMP;% de empregadores - 18 anos ou mais;Percentual de ocupados de 18 anos ou mais que s∆o empregadores;Raz∆o entre o n£mero de empregadores de 18 anos ou mais de idade e o n£mero total de pessoas ocupadas nessa faixa et†ria multiplicado por 100.
P_AGRO;% dos ocupados no setor agropecu†rio - 18 anos ou mais;Percentual dos ocupados no setor agropecu†rio;Raz∆o entre o n£mero de pessoas de 18 anos ou mais de idade ocupadas no setor agropecu†rio e o n£mero total de pessoas ocupadas nessa faixa et†ria.
P_COM;% dos ocupados no setor comÇrcio - 18 anos ou mais;Percentual dos ocupados no setor comÇrcio;Raz∆o entre o n£mero de pessoas de 18 anos ou mais de idade ocupadas no setor de comÇrcio e o n£mero total de pessoas ocupadas nessa faixa et†ria multiplicado por 100.
P_CONSTR;% dos ocupados no setor de construá∆o - 18 anos ou mais;Percentual dos ocupados no setor de construá∆o ;Raz∆o entre o n£mero de pessoas de 18 anos ou mais de idade ocupadas no setor de construá∆o e o n£mero total de pessoas ocupadas nessa faixa et†ria multiplicado por 100.
P_EXTR;% dos ocupados no setor extrativo mineral - 18 anos ou mais;Percentual dos ocupados no setor extrativo mineral;Raz∆o entre o n£mero de pessoas de 18 anos ou mais de idade ocupadas no setor extrativo mineral e o n£mero total de pessoas ocupadas nessa faixa et†ria multiplicado por 100.
P_FORMAL;Grau de formalizaá∆o dos ocupados - 18 anos ou mais;Grau de formalizaá∆o do trabalho das pessoas ocupadas;Raz∆o entre o n£mero de pessoas de 18 anos ou mais formalmente ocupadas e o n£mero total de pessoas ocupadas nessa faixa et†ria multiplicado por 100. Foram considerados como formalmente ocupados os empregados com carteira de trabalho assinada, os militares do exÇrcito, da marinha, da aeron†utica, da pol°cia militar ou do corpo de bombeiros, os empregados pelo regime jur°dico dos funcion†rios p£blicos, assim como os empregadores e trabalhadores por conta pr¢pria que eram contribuintes de instituto de previdància oficial.
P_FUND;% dos ocupados com fundamental completo - 18 anos ou mais;Percentual dos ocupados com fundamental completo;Raz∆o entre o n£mero de pessoas de 18 anos ou mais de idade ocupadas que j† conclu°ram o ensino fundamental (regular seriado, regular n∆o seriado, EJA ou supletivo) e o n£mero total de pessoas ocupadas nessa faixa et†ria multiplicado por 100.
P_MED;% dos ocupados com mÇdio completo - 18 anos ou mais;Percentual dos ocupados com mÇdio completo;Raz∆o entre o n£mero de pessoas de 18 anos ou mais de idade ocupadas que j† conclu°ram o ensino mÇdio (regular seriado, regular n∆o seriado, EJA ou supletivo) e o n£mero total de pessoas ocupadas nessa faixa et†ria multiplicado por 100. Foram consideradas como j† tendo conclu°do o mÇdio aquelas pessoas que frequentavam a 4¶ sÇrie desse n°vel de ensino.
P_SERV;% dos ocupados no setor serviáos - 18 anos ou mais;Percentual dos ocupados no setor serviáos;Raz∆o entre o n£mero de pessoas de 18 anos ou mais de idade ocupadas no setor de serviáos e o n£mero total de pessoas ocupadas nessa faixa et†ria multiplicado por 100.
P_SIUP;% dos ocupados no SIUP - 18 anos ou mais;Percentual dos ocupados nos setores de serviáos industriais de utilidade p£blica;"Raz∆o entre o n£mero de pessoas de 18 anos ou mais de idade ocupadas nos setor de serviáos industriais de utilidade p£blica e o n£mero total de pessoas ocupadas nessa faixa et†ria multiplicado por 100. Esse setor inclui as atividades constantes das seá‰es D e E do CNAE DOM 2.0: geraá∆o, transmiss∆o e distribuiá∆o de eletricidade e g†s; captaá∆o, tratamento e distribuiá∆o de †gua; esgoto e atividades relacionadas; coleta, tratamento e disposiá∆o de res°duos e recuperaá∆o de materiais; descontaminaá∆o e outros serviáos de gest∆o de res°duos."
P_SUPER;% dos ocupados com superior completo - 18 anos ou mais;Percentual dos ocupados com superior completo;Raz∆o entre o n£mero de pessoas de 18 anos ou mais de idade ocupadas e que j† conclu°ram a graduaá∆o do ensino superior e o n£mero total de pessoas ocupadas nessa faixa et†ria multiplicado por 100.
P_TRANSF;% dos ocupados na ind£stria de transformaá∆o - 18 anos ou mais;Percentual dos ocupados na ind£stria de transformaá∆o;Raz∆o entre o n£mero de pessoas de 18 anos ou mais de idade ocupadas na ind£stria de transformaá∆o e o n£mero total de pessoas ocupadas nessa faixa et†ria multiplicado por 100.
REN0;% dos ocupados sem rendimento - 18 anos ou mais;Percentual dos ocupados sem rendimento;Raz∆o entre o n£mero de pessoas de 18 anos ou mais de idade ocupadas e sem rendimento do trabalho e o n£mero total de pessoas ocupadas nessa faixa et†ria multiplicado por 100.
REN1;% dos ocupados com rendimento de atÇ 1 s.m. - 18 anos ou mais;Percentual dos ocupados com rendimento de atÇ 1 sal†rio m°nimo;Raz∆o entre o n£mero de pessoas de 18 anos ou mais de idade ocupadas e com rendimento mensal de todos os trabalhos inferior a 1 sal†rio m°nimo de julho de 2010 e o n£mero total de pessoas ocupadas nessa faixa et†ria multiplicado por 100.
REN2;% dos ocupados com rendimento de atÇ 2 s.m. - 18 anos ou mais;Percentual dos ocupados com rendimento de atÇ 2 sal†rios m°nimos;Raz∆o entre o n£mero de pessoas de 18 anos ou mais de idade ocupadas e com rendimento mensal de todos os trabalhos inferior a 2 sal†rios m°nimos de julho de 2010 e o n£mero total de pessoas ocupadas nessa faixa et†ria multiplicado por 100.
REN3;% dos ocupados com rendimento de atÇ 3 s.m. - 18 anos ou mais;Percentual dos ocupados com rendimento de atÇ 3 sal†rios m°nimo;Raz∆o entre o n£mero de pessoas de 18 anos ou mais de idade ocupadas e com rendimento mensal de todos os trabalhos inferior a 3 sal†rios m°nimos de julho de 2010 e o n£mero total de pessoas ocupadas nessa faixa et†ria multiplicado por 100.
REN5;% dos ocupados com rendimento de atÇ 5 s.m. - 18 anos ou mais;Percentual dos ocupados com rendimento de atÇ 5 sal†rios m°nimo;Raz∆o entre o n£mero de pessoas de 18 anos ou mais de idade ocupadas e com rendimento mensal de todos os trabalhos inferior a 5 sal†rios m°nimos de julho de 2010 e o n£mero total de pessoas ocupadas nessa faixa et†ria multiplicado por 100.
RENOCUP;Rendimento mÇdio dos ocupados - 18 anos ou mais;Rendimento mÇdio dos ocupados;MÇdia dos rendimentos de todos os trabalhos das pessoas ocupadas de 18 anos ou mais de idade. Valores em reais de agosto de 2010.
T_ATIV;Taxa de atividade - 10 anos ou mais;Taxa de atividade das pessoas de 10 anos ou mais de idade;Raz∆o entre as pessoas de 10 anos ou mais de idade que eram economicamente ativas, ou seja, que estavam ocupadas ou desocupadas na semana de referància do Censo e o total de pessoas nesta faixa et†ria multiplicado por 100. Considera-se desocupada a pessoa que, n∆o estando ocupada na semana de referància, havia procurado trabalho no màs anterior a essa pesquisa.
T_ATIV1014;Taxa de atividade - 10 a 14 anos;Taxa de atividade das pessoas de 10 a  14 anos de idade;Raz∆o entre as pessoas de 10 a 14 anos de idade que eram economicamente ativas, ou seja, que estavam ocupadas ou desocupadas na semana de referància do Censo e o total de pessoas nesta faixa et†ria multiplicado por 100. Considera-se desocupada a pessoa que, n∆o estando ocupada na semana de referància, havia procurado trabalho no màs anterior a essa pesquisa.
T_ATIV1517;Taxa de atividade - 15 a 17 anos;Taxa de atividade das pessoas de 15 a  17 anos de idade;Raz∆o entre as pessoas de 15 a 17 anos de idade que eram economicamente ativas, ou seja, que estavam ocupadas ou desocupadas na semana de referància do Censo e o total de pessoas nesta faixa et†ria multiplicado por 100. Considera-se desocupada a pessoa que, n∆o estando ocupada na semana de referància, havia procurado trabalho no màs anterior a essa pesquisa.
T_ATIV1824;Taxa de atividade - 18 a 24 anos;Taxa de atividade das pessoas de 18 a 24 anos de idade;Raz∆o entre as pessoas de 18 a 24 anos de idade que eram economicamente ativas, ou seja, que estavam ocupadas ou desocupadas na semana de referància do Censo e o total de pessoas nesta faixa et†ria multiplicado por 100. Considera-se desocupada a pessoa que, n∆o estando ocupada na semana de referància, havia procurado trabalho no màs anterior a essa pesquisa.
T_ATIV18M;Taxa de atividade - 18 anos ou mais;Taxa de atividade das pessoas de 18 anos ou mais de idade;Raz∆o entre as pessoas de 18 anos ou mais de idade que eram economicamente ativas, ou seja, que estavam ocupadas ou desocupadas na semana de referància do Censo e o total de pessoas nesta faixa et†ria multiplicado por 100. Considera-se desocupada a pessoa que, n∆o estando ocupada na semana de referància, havia procurado trabalho no màs anterior a essa pesquisa.
T_ATIV2529;Taxa de atividade - 25 a 29 anos;Taxa de atividade das pessoas de 25 a 29 anos de idade;Raz∆o entre as pessoas de 25 a 29 anos de idade que eram economicamente ativas, ou seja, que estavam ocupadas ou desocupadas na semana de referància do Censo e o total de pessoas nesta faixa et†ria multiplicado por 100. Considera-se desocupada a pessoa que, n∆o estando ocupada na semana de referància, havia procurado trabalho no màs anterior a essa pesquisa.
T_DES;Taxa de desocupaá∆o - 10 anos ou mais;Taxa de desocupaá∆o da populaá∆o de 10 anos ou mais de idade;Percentual da populaá∆o economicamente ativa (PEA) nessa faixa et†ria que estava desocupada, ou seja, que n∆o estava ocupada na semana anterior Ö data do Censo mas havia procurado trabalho ao longo do màs anterior Ö data dessa pesquisa.
T_DES1014;Taxa de desocupaá∆o - 10 a 14 anos;Taxa de desocupaá∆o da populaá∆o de 10 a 14 anos de idade;Percentual da populaá∆o economicamente ativa (PEA) nessa faixa et†ria que estava desocupada, ou seja, que n∆o estava ocupada na semana anterior Ö data do Censo mas havia procurado trabalho ao longo do màs anterior Ö data dessa pesquisa.
T_DES1517;Taxa de desocupaá∆o - 15 a 17 anos;Taxa de desocupaá∆o da populaá∆o de 15 a 17 anos de idade;Percentual da populaá∆o economicamente ativa (PEA) nessa faixa et†ria que estava desocupada, ou seja, que n∆o estava ocupada na semana anterior Ö data do Censo mas havia procurado trabalho ao longo do màs anterior Ö data dessa pesquisa.
T_DES1824;Taxa de desocupaá∆o - 18 a 24 anos;Taxa de desocupaá∆o da populaá∆o de 18 a 24 anos de idade;Percentual da populaá∆o economicamente ativa (PEA) nessa faixa et†ria que estava desocupada, ou seja, que n∆o estava ocupada na semana anterior Ö data do Censo mas havia procurado trabalho ao longo do màs anterior Ö data dessa pesquisa.
T_DES18M;Taxa de desocupaá∆o - 18 anos ou mais;Taxa de desocupaá∆o da populaá∆o de 18 anos ou mais de idade;Percentual da populaá∆o economicamente ativa (PEA) nessa faixa et†ria que estava desocupada, ou seja, que n∆o estava ocupada na semana anterior Ö data do Censo mas havia procurado trabalho ao longo do màs anterior Ö data dessa pesquisa.
T_DES2529;Taxa de desocupaá∆o - 25 a 29 anos;Taxa de desocupaá∆o da populaá∆o de 25 a 29 anos de idade;Percentual da populaá∆o economicamente ativa (PEA) nessa faixa et†ria que estava desocupada, ou seja, que n∆o estava ocupada na semana anterior Ö data do Censo mas havia procurado trabalho ao longo do màs anterior Ö data dessa pesquisa.
THEILtrab;÷ndice de Theil-L dos rendimentos do trabalho - 18 anos ou mais;÷ndice de Theil-L dos rendimentos do trabalho;Mede a desigualdade na distribuiá∆o de indiv°duos de 18 anos ou mais de idade ocupados, segundo o rendimento de todos os trabalhos, exclu°dos aqueles sem rendimento do trabalho. ê o logaritmo da raz∆o entre as mÇdias aritmÇtica e geomÇtrica do rendimento dos indiv°duos, sendo nulo quando n∆o existir desigualdade de renda entre eles e tendente ao infinito quando a desigualdade tender ao m†ximo.
TRABCC;% de empregados com carteira - 18 anos ou mais;Percentual de ocupados de 18 anos ou mais que s∆o empregados com carteira ;Raz∆o entre o n£mero de empregados de 18 anos ou mais de idade com carteira de trabalho assinada e o n£mero total de pessoas ocupadas nessa faixa et†ria multiplicado por 100.
TRABPUB;% de trabalhadores do setor p£blico - 18 anos ou mais;Percentual de ocupados de 18 anos ou mais que s∆o trabalhadores do setor p£blico.;Raz∆o entre o n£mero de trabalhadores do setor p£blico de 18 anos ou mais de idade e o n£mero total de pessoas ocupadas nessa faixa et†ria multiplicado por 100. Os trabalhadores do setor p£blico incluem os empregados pelo regime jur°dico dos funcion†rios p£blicos e os militares do exÇrcito, marinha, aeron†utica, pol°cia militar ou corpo de bombeiros.
TRABSC;% de empregados sem carteira - 18 anos ou mais;Percentual de ocupados de 18 anos ou mais que s∆o empregados sem carteira ;Raz∆o entre o n£mero de empregados de 18 anos ou mais de idade sem carteira de trabalho assinada e o n£mero total de pessoas ocupadas nessa faixa et†ria multiplicado por 100.
T_AGUA;% da populaá∆o em domic°lios com †gua encanada;Percentual da populaá∆o que vive em domic°lios com †gua encanada;Raz∆o entre a populaá∆o que vive em domic°lios particulares permanentes com †gua canalizada para um ou mais cìmodos e a populaá∆o total residente em domic°lios particulares permanentes multiplicado por 100. A †gua pode ser proveniente de rede geral, de poáo, de nascente ou de reservat¢rio abastecido por †gua das chuvas ou carro-pipa.
T_BANAGUA;% da populaá∆o em domic°lios com banheiro e †gua encanada;Percentual da populaá∆o que vive em domic°lios com banheiro e †gua encanada;Raz∆o entre a populaá∆o que vive em domic°lios particulares permanentes com †gua encanada em pelo menos um de seus cìmodos e com banheiro exclusivo e a populaá∆o total residente em domic°lios particulares permanentes multiplicado por 100. A †gua pode ser proveniente de rede geral, de poáo, de nascente ou de reservat¢rio abastecido por †gua das chuvas ou carro-pipa. Banheiro exclusivo Ç definido como cìmodo que disp‰e de chuveiro ou banheira e aparelho sanit†rio.
T_DENS;% da populaá∆o em domic°lios com densidade > 2;Percentual da populaá∆o que vive em domic°lios com densidade superior a 2 pessoas por dormit¢rio;Raz∆o entre a populaá∆o que vive em domic°lios particulares permanentes com densidade superior a 2 e a populaá∆o total residente em domic°lios particulares permanentes multiplicado por 100. A densidade do domic°lio Ç dada pela raz∆o entre o total de moradores do domic°lio e o n£mero total de cìmodos usados como dormit¢rio.
T_LIXO;% da populaá∆o em domic°lios com coleta de lixo;Percentual da populaá∆o que vive em domic°lios urbanos com serviáo de coleta de lixo;Raz∆o entre a populaá∆o que vive em domic°lios com coleta de lixo e a populaá∆o total residente em domic°lios particulares permanentes multiplicado por 100. Est∆o inclu°das as situaá‰es em que a coleta de lixo realizada diretamente por empresa p£blica ou privada, ou o lixo Ç depositado em caáamba, tanque ou dep¢sito fora do domic°lio, para posterior coleta pela prestadora do serviáo. S∆o considerados apenas os domic°lios particulares permanentes localizados em †rea urbana.
T_LUZ;% da populaá∆o em domic°lios com energia elÇtrica;Percentual da populaá∆o que vive em domic°lios com energia elÇtrica;Raz∆o entre a populaá∆o que vive em domic°lios particulares permanentes com iluminaá∆o elÇtrica e a populaá∆o total residente em domic°lios particulares permanentes multiplicado por 100. Considera-se iluminaá∆o proveniente ou n∆o de uma rede geral, com ou sem medidor.
AGUA_ESGOTO;% de pessoas em domic°lios com abastecimento de †gua e esgotamento sanit†rio inadequados;   % de pessoas em domic°lios com abastecimento de †gua e esgotamento sanit†rio inadequados;"Raz∆o entre as pessoas que vivem em domic°lios cujo abastecimento de †gua n∆o provem de rede geral e cujo esgotamento sanit†rio n∆o Ç realizado por rede coletora de esgoto ou fossa sÇptica e a populaá∆o total residente em domic°lios particulares permanentes multiplicado por 100. S∆o considerados apenas os domic°lios particulares permanentes.
"
PAREDE ;% de pessoas em domic°lios com paredes inadequadas; % de pessoas em domic°lios com paredes que n∆o sejam de alvenaria ou madeira aparelhada;"Raz∆o entre as pessoas que vivem em domic°lios cujas paredes n∆o s∆o de alvenaria nem de madeira aparelhada e a populaá∆o total residente em domic°lios particulares permanentes multiplicado por 100. S∆o considerados apenas os domic°lios particulares permanentes.
"
T_CRIFUNDIN_TODOS;% de crianáas em domic°lios em que ninguÇm tem fundamental completo;% de crianáas que vivem em domic°lios em que nenhum dos moradores tem o ensino fundamental completo.;"Raz∆o entre o n£mero de crianáas de atÇ 14 anos que vivem em domic°lios em que nenhum dos moradores tem o ensino fundamental completo e a populaá∆o total nesta faixa et†ria residente em domic°lios particulares permanentes multiplicado por 100. S∆o considerados apenas os domic°lios particulares permanentes.
"
T_FORA4A5;% de crianáas de 4 a 5 anos fora da escola;   % de crianáas de 4 a 5 anos que n∆o frequenta a escola;Raz∆o entre o n£mero de crianáas de 4 a 5 anos que n∆o frequenta a escola e o total de crianáas nesta faixa et†ria multiplicado por 100.
T_FORA6A14;% de crianáas de 6 a 14 fora da escola;   % de crianáas de 6 a 14 anos que n∆o frequenta a escola;Raz∆o entre as crianáas de 6 a 14 anos que n∆o frequenta a escola e o total de crianáas nesta faixa et†ria multiplicado por 100.
T_FUNDIN_TODOS;% de pessoas em domic°lios em que ninguÇm tem fundamental completo;% pessoas que vivem em domic°lios em que nenhum morador tem o ensino fundamental completo.;Raz∆o entre as pessoas que vivem em domic°lios em que nenhum dos moradores tem o ensino fundamental completo e a populaá∆o total residente em domic°lios particulares permanentes multiplicado por 100.
T_FUNDIN_TODOS_MMEIO;% de pessoas em domic°lios vulner†veis Ö pobreza e em que ninguÇm tem fundamental completo.;   % de pessoas em domic°lios vulner†veis Ö pobreza e em que ninguÇm tem fundamental completo.;"Percentual de pessoas que vivem em domic°lios vulner†veis Ö pobreza (com renda per capita inferior a 1/2 sal†rio m°nimo de agosto de 2010) e em que ninguÇm tem o ensino fundamental completo. S∆o considerados apenas os domic°lios particulares permanentes.
"
T_FUNDIN18MINF;% de pessoas de 18 anos ou mais sem fundamental completo e em ocupaá∆o informal;% de pessoas de 18 anos ou mais sem fundamental completo e em ocupaá∆o informal;Raz∆o entre as pessoas de 18 anos ou mais sem fundamental completo e em ocupaá∆o informal e a populaá∆o total nesta faixa et†ria multiplicado por 100. Ocupaá∆o informal implica que trabalham mas n∆o s∆o: empregados com carteira de trabalho assinada, militares do exÇrcito, da marinha, da aeron†utica, da pol°cia militar ou do corpo de bombeiros, empregados pelo regime jur°dico dos funcion†rios p£blicos ou empregadores e trabalhadores por conta pr¢pria com contribuiá∆o a instituto de previdància oficial.
T_M10A14CF;% de mulheres de 10 a 14 anos que tiveram filhos;Percentual de mulheres de 10 a 14 anos de idade que tiveram filhos;Raz∆o entre as mulheres de 10 a 14 anos de idade que tiveram filhos e o total de mulheres nesta faixa et†ria multiplicado por 100.
T_M15A17CF;% de mulheres de 15 a 17 anos que tiveram filhos;Percentual de mulheres de 15 a 17 anos de idade que tiveram filhos;Raz∆o entre as mulheres de 15 a 17 anos de idade que tiveram filhos e o total de mulheres nesta faixa et†ria multiplicado por 100.
T_MULCHEFEFIF014;% de m∆es chefes de fam°lia sem fundamental completo e com filhos menores de 15 anos;Percentual de m∆es chefes de fam°lia, sem fundamental completo e com pelo menos um filho menor de 15 anos de idade;Raz∆o entre o n£mero de mulheres que s∆o respons†veis pelo domic°lio, n∆o tàm o ensino fundamental completo e tàm pelo menos 1 filho de idade inferior a 15 anos morando no domic°lio e o n£mero total de mulheres chefes de fam°lia multiplicado por 100. S∆o considerados apenas os domic°lios particulares permanentes.
T_NESTUDA_NTRAB_MMEIO;% de pessoas de 15 a 24 anos que n∆o estudam nem trabalham e s∆o vulner†veis Ö pobreza.; % de pessoas de 15 a 24 anos que n∆o estudam nem trabalham e s∆o vulner†veis Ö pobreza.;"Raz∆o entre as pessoas de 15 a 24 anos que n∆o estudam nem trabalham e s∆o vulner†veis Ö pobreza e a populaá∆o total nesta faixa et†ria multiplicado por 100. Define-se como vulner†veis Ö pobreza as pessoas que moram em domic°lios com renda per capita inferior a 1/2 sal†rio m°nimo de agosto de 2010. S∆o considerados apenas os domic°lios particulares permanentes.
"
T_OCUPDESLOC_1; % de pessoas vulner†veis Ö pobreza e que gastam mais de uma hora atÇ o trabalho;   % de pessoas em domic°lios vulner†veis Ö pobreza e que gastam mais de uma hora atÇ o trabalho;"Raz∆o entre as pessoas que vivem em domic°lios vulner†veis Ö pobreza (com renda per capita inferior a 1/2 sal†rio m°nimo de agosto de 2010) e que gastam mais de uma hora em deslocamento atÇ o local de trabalho e e o total de pessoas ocupadas multiplicado por 100. S∆o considerados apenas os domic°lios particulares permanentes e as pessoas com 18 anos de idade ou mais.
"
T_RMAXIDOSO;% de pessoas em domic°lios vulner†veis Ö pobreza e dependentes de idosos;% de pessoas em domic°lios vulner†veis Ö pobreza e dependentes de idosos;"Raz∆o entre as pessoas que vivem em domic°lios vulner†veis Ö pobreza (com renda per capita inferior a 1/2 sal†rio m°nimo de agosto de 2010) e nos quais a principal fonte de renda provÇm de moradores com 65 anos ou mais de idade e populaá∆o total residente em domic°lios particulares permanentes multiplicado por 100.
"
T_SLUZ;% de pessoas em domic°lios sem energia elÇtrica;   % de pessoas em domic°lios sem energia elÇtrica;"Raz∆o entre as pessoas que vivem em domic°lios sem energia elÇtrica e populaá∆o total residente em domic°lios particulares permanentes multiplicado por 100. 
"
HOMEM0A4;Populaá∆o masculina de 0 a 4 anos;Populaá∆o masculina de 0 a 4 anos de idade;Populaá∆o nesta faixa et†ria e do sexo masculino
HOMEM10A14;Populaá∆o masculina de 10 a 14 anos;Populaá∆o masculina de 10 a 14 anos de idade;Populaá∆o nesta faixa et†ria e do sexo masculino
HOMEM15A19;Populaá∆o masculina de 15 a 19 anos;Populaá∆o masculina de 15 a 19 anos de idade;Populaá∆o nesta faixa et†ria e do sexo masculino
HOMEM20A24;Populaá∆o masculina de 20 a 24 anos;Populaá∆o masculina de 20 a 24 anos de idade;Populaá∆o nesta faixa et†ria e do sexo masculino
HOMEM25A29;Populaá∆o masculina de 25 a 29 anos;Populaá∆o masculina de 25 a 29 anos de idade;Populaá∆o nesta faixa et†ria e do sexo masculino
HOMEM30A34;Populaá∆o masculina de 30 a 34 anos;Populaá∆o masculina de 30 a 34 anos de idade;Populaá∆o nesta faixa et†ria e do sexo masculino
HOMEM35A39;Populaá∆o masculina de 35 a 39 anos;Populaá∆o masculina de 35 a 39 anos de idade;Populaá∆o nesta faixa et†ria e do sexo masculino
HOMEM40A44;Populaá∆o masculina de 40 a 44 anos;Populaá∆o masculina de 40 a 44 anos de idade;Populaá∆o nesta faixa et†ria e do sexo masculino
HOMEM45A49;Populaá∆o masculina de 45 a 49 anos;Populaá∆o masculina de 45 a 49 anos de idade;Populaá∆o nesta faixa et†ria e do sexo masculino
HOMEM50A54;Populaá∆o masculina de 50 a 54 anos;Populaá∆o masculina de 50 a 54 anos de idade;Populaá∆o nesta faixa et†ria e do sexo masculino
HOMEM55A59;Populaá∆o masculina de 55 a 59 anos;Populaá∆o masculina de 55 a 59 anos de idade;Populaá∆o nesta faixa et†ria e do sexo masculino
HOMEM5A9;Populaá∆o masculina de 5 a 9 anos;Populaá∆o masculina de 5 a 9 anos de idade;Populaá∆o nesta faixa et†ria e do sexo masculino
HOMEM60A64;Populaá∆o masculina de 60 a 64 anos;Populaá∆o masculina de 60 a 64 anos de idade;Populaá∆o nesta faixa et†ria e do sexo masculino
HOMEM65A69;Populaá∆o masculina de 65 a 69 anos;Populaá∆o masculina de 65 a 69 anos de idade;Populaá∆o nesta faixa et†ria e do sexo masculino
HOMEM70A74;Populaá∆o masculina de 70 a 74 anos;Populaá∆o masculina de 70 a 74 anos de idade;Populaá∆o nesta faixa et†ria e do sexo masculino
HOMEM75A79;Populaá∆o masculina de 75 a 79 anos;Populaá∆o masculina de 75 a 79 anos de idade;Populaá∆o nesta faixa et†ria e do sexo masculino
HOMEMTOT;Populaá∆o residente masculina;Populaá∆o residente masculina;Populaá∆o total do sexo masculino
HOMENS80;Populaá∆o masculina com 80 anos e mais;Populaá∆o masculina com 80 anos e mais de idade;Populaá∆o nesta faixa et†ria e do sexo masculino
MULH0A4;Populaá∆o feminina de 0 a 4 anos;Populaá∆o feminina de 0 a 4 anos de idade;Populaá∆o nesta faixa et†ria e do sexo feminino
MULH10A14;Populaá∆o feminina de 10 a 14 anos;Populaá∆o feminina de 10 a 14 anos de idade;Populaá∆o nesta faixa et†ria e do sexo feminino
MULH15A19;Populaá∆o feminina de 15 a 19 anos;Populaá∆o feminina de 15 a 19 anos de idade;Populaá∆o nesta faixa et†ria e do sexo feminino
MULH20A24;Populaá∆o feminina de 20 a 24 anos;Populaá∆o feminina de 20 a 24 anos de idade;Populaá∆o nesta faixa et†ria e do sexo feminino
MULH25A29;Populaá∆o feminina de 25 a 29 anos;Populaá∆o feminina de 25 a 29 anos de idade;Populaá∆o nesta faixa et†ria e do sexo feminino
MULH30A34;Populaá∆o feminina de 30 a 34 anos;Populaá∆o feminina de 30 a 34 anos de idade;Populaá∆o nesta faixa et†ria e do sexo feminino
MULH35A39;Populaá∆o feminina de 35 a 39 anos;Populaá∆o feminina de 35 a 39 anos de idade;Populaá∆o nesta faixa et†ria e do sexo feminino
MULH40A44;Populaá∆o feminina de 40 a 44 anos;Populaá∆o feminina de 40 a 44 anos de idade;Populaá∆o nesta faixa et†ria e do sexo feminino
MULH45A49;Populaá∆o feminina de 45 a 49 anos;Populaá∆o feminina de 45 a 49 anos de idade;Populaá∆o nesta faixa et†ria e do sexo feminino
MULH50A54;Populaá∆o feminina de 50 a 54 anos;Populaá∆o feminina de 50 a 54 anos de idade;Populaá∆o nesta faixa et†ria e do sexo feminino
MULH55A59;Populaá∆o feminina de 55 a 59 anos;Populaá∆o feminina de 55 a 59 anos de idade;Populaá∆o nesta faixa et†ria e do sexo feminino
MULH5A9;Populaá∆o feminina de 5 a 9 anos;Populaá∆o feminina de 5 a 9 anos de idade;Populaá∆o nesta faixa et†ria e do sexo feminino
MULH60A64;Populaá∆o feminina de 60 a 64 anos;Populaá∆o feminina de 60 a 64 anos de idade;Populaá∆o nesta faixa et†ria e do sexo feminino
MULH65A69;Populaá∆o feminina de 65 a 69 anos;Populaá∆o feminina de 65 a 69 anos de idade;Populaá∆o nesta faixa et†ria e do sexo feminino
MULH70A74;Populaá∆o feminina de 70 a 74 anos;Populaá∆o feminina de 70 a 74 anos de idade;Populaá∆o nesta faixa et†ria e do sexo feminino
MULH75A79;Populaá∆o feminina de 75 a 79 anos;Populaá∆o feminina de 75 a 79 anos de idade;Populaá∆o nesta faixa et†ria e do sexo feminino
MULHER80;Populaá∆o feminina com 80 anos e mais;Populaá∆o feminina com 80 anos e mais de idade;Populaá∆o nesta faixa et†ria e do sexo feminino
MULHERTOT;Populaá∆o residente feminina;Populaá∆o residente feminina;Populaá∆o total do sexo feminino
PEA;PEA - 10 anos ou mais;Populaá∆o economicamente ativa de 10 anos ou mais de idade;Populaá∆o economicamente ativa. Corresponde ao n£mero de pessoas nessa faixa et†ria que, na semana de referància do Censo, encontravam-se ocupadas no mercado de trabalho ou que, encontrando-se desocupadas, tinham procurado trabalho no màs anterior Ö data da pesquisa. 
PEA1014;PEA - 10 a 14 anos;Populaá∆o economicamente ativa de 10 a 14 anos de idade;Populaá∆o economicamente ativa. Corresponde ao n£mero de pessoas nessa faixa et†ria que, na semana de referància do Censo, encontravam-se ocupadas no mercado de trabalho ou que, encontrando-se desocupadas, tinham procurado trabalho no màs anterior Ö data da pesquisa. 
PEA1517;PEA - 15 a 17 anos;Populaá∆o economicamente ativa de 15 a 17 anos de idade;Populaá∆o economicamente ativa. Corresponde ao n£mero de pessoas nessa faixa et†ria que, na semana de referància do Censo, encontravam-se ocupadas no mercado de trabalho ou que, encontrando-se desocupadas, tinham procurado trabalho no màs anterior Ö data da pesquisa. 
PEA18M;PEA - 18 anos ou mais;Populaá∆o economicamente ativa de 18 anos ou mais de idade;Populaá∆o economicamente ativa. Corresponde ao n£mero de pessoas nessa faixa et†ria que, na semana de referància do Censo, encontravam-se ocupadas no mercado de trabalho ou que, encontrando-se desocupadas, tinham procurado trabalho no màs anterior Ö data da pesquisa. 
PESO1;Populaá∆o de atÇ 1 ano;Populaá∆o de atÇ 1 ano de idade;Populaá∆o residente nessa faixa et†ria
PESO1114;Populaá∆o de 11 a 14 anos;Populaá∆o de 11 a 14 anos de idade;Populaá∆o residente nessa faixa et†ria
PESO1113;Populaá∆o de 11 a 13 anos;Populaá∆o de 11 a 13 anos de idade;Populaá∆o residente nessa faixa et†ria
PESO1214;Populaá∆o de 12 a 14 anos;Populaá∆o de 12 a 14 anos de idade;Populaá∆o residente nessa faixa et†ria
PESO13;Populaá∆o de 1 a 3 anos;Populaá∆o de 1 a 3 anos de idade;Populaá∆o residente nessa faixa et†ria
PESO15;Populaá∆o de 15 anos ou mais;Populaá∆o de 15 anos ou mais de idade;Populaá∆o residente nessa faixa et†ria
PESO1517;Populaá∆o de 15 a 17 anos;Populaá∆o de 15 a 17 anos de idade;Populaá∆o residente nessa faixa et†ria
PESO1524;Populaá∆o de 15 a 24 anos;Populaá∆o de 15 a 24 anos de idade;Populaá∆o residente nessa faixa et†ria
PESO1618;Populaá∆o de 16 a 18 anos;Populaá∆o de 16 a 18 anos de idade;Populaá∆o residente nessa faixa et†ria
PESO18;Populaá∆o de 18 anos ou mais;Populaá∆o de 18 anos ou mais de idade;Populaá∆o residente nessa faixa et†ria
Peso1820;Populaá∆o de 18 a 20 anos;Populaá∆o de 18 a 20 anos de idade;Populaá∆o residente nessa faixa et†ria
Peso1824;Populaá∆o de 18 a 24 anos;Populaá∆o de 18 a 24 anos de idade;Populaá∆o residente nessa faixa et†ria
Peso1921;Populaá∆o de 19 a 21 anos;Populaá∆o de 19 a 21 anos de idade;Populaá∆o residente nessa faixa et†ria
PESO25;Populaá∆o de 25 anos ou mais;Populaá∆o de 25 anos ou mais de idade;Populaá∆o residente nessa faixa et†ria
PESO4;Populaá∆o de 4 anos;Populaá∆o de 4 anos de idade;Populaá∆o residente nessa faixa et†ria
PESO5;Populaá∆o de 5 anos;Populaá∆o de 5 anos de idade;Populaá∆o residente nessa faixa et†ria
PESO6;Populaá∆o de 6 anos;Populaá∆o de 6 anos de idade;Populaá∆o residente nessa faixa et†ria
PESO610;Populaá∆o de 6 a 10 anos;Populaá∆o de 6 a 10 anos de idade;Populaá∆o residente nessa faixa et†ria
Peso617;Populaá∆o de 6 a 17 anos;Populaá∆o de 6 a 17 anos de idade;Populaá∆o residente nessa faixa et†ria
PESO65;Populaá∆o de 65 anos ou mais;Populaá∆o de 65 anos ou mais de idade;Populaá∆o residente nessa faixa et†ria
PESOM1014;Mulheres de 10 a 14 anos;Mulheres de 12 a 14 anos de idade;Populaá∆o residente nessa faixa et†ria e do sexo feminino
PESOM1517;Mulheres de 15 a 17 anos;Mulheres de 15 a 17 anos de idade;Populaá∆o residente nessa faixa et†ria e do sexo feminino
PESOM15M;Mulheres de 15 anos ou mais;Mulheres de 15 anos ou mais de idade;Populaá∆o residente nessa faixa et†ria e do sexo feminino
PESOM25M;Mulheres de 25 anos ou mais;Mulheres de 25 anos ou mais de idade;Populaá∆o residente nessa faixa et†ria e do sexo feminino
PESORUR;Populaá∆o rural;Populaá∆o rural;Populaá∆o residente na †rea rural
PESOTOT;Populaá∆o total;Populaá∆o total;Populaá∆o residente total
PESOURB;Populaá∆o urbana;Populaá∆o urbana;Populaá∆o residente na †rea urbana
PIA;Populaá∆o de 10 anos ou mais;Populaá∆o de 10 anos ou mais de idade;Populaá∆o residente nessa faixa et†ria
PIA1014;Populaá∆o de 10 a 14 anos;Populaá∆o de 10  a 14 anos de idade;Populaá∆o residente nessa faixa et†ria
PIA1517;Populaá∆o de 15 a 17 anos;Populaá∆o em idade ativa 15 a 17 anos;Populaá∆o residente nessa faixa et†ria
PIA18M;Populaá∆o de 18 anos ou mais;Populaá∆o de 18 anos ou mais em idade ativa;Populaá∆o residente nessa faixa et†ria
POP;Populaá∆o total em domic°lios particulares permanentes;Populaá∆o total que reside em domic°lios particulares permanentes;Populaá∆o residente em domic°lios particulares permanentes. Exclui os residentes em domic°lios coletivos, como pens‰es, hotÇis, pris‰es, quartÇis, hospitais. 
POPT;Populaá∆o total em domic°lios particulares permanentes, exceto com renda nula;Populaá∆o total que reside em domic°lios particulares permanentes, exceto os com renda nula;Refere-se Ö populaá∆o residente em domic°lios particulares permanentes, excetuando-se aqueles com renda nula. Populaá∆o de referància do ÷ndice de Theil-L.
I_ESCOLARIDADE;Sub°ndice de escolaridade - IDHM Educaá∆o;Sub°ndice de escolaridade fundamental da populaá∆o adulta - IDHM Educaá∆o;Sub°ndice selecionado para compor o IDHMEducaá∆o, representando o n°vel de escolaridade da populaá∆o adulta. ê obtido pelo indicador % de jovens e adultos com 18 anos ou mais com o fundamental completo.
I_FREQ_PROP;Sub°ndice de frequància escolar - IDHM Educaá∆o;Sub°ndice de frequància escolar da populaá∆o jovem - IDHM Educaá∆o;Sub°ndice selecionado para compor o IDHMEducaá∆o, representando a frequància de crianáas e jovens Ö escola em  sÇries adequadas Ö sua idade.  ê obtido atravÇs da mÇdia aritmÇtica simples de 4  indicadores:  % de crianáas de 5 a 6 anos na escola, % de  crianáas de 11 a 13 anos no 2ß ciclo do fundamental, % de jovens de 15 a 17 anos com o fundamental completo e % de jovens de 18 a 20 anos com o mÇdio completo. 
IDHM;IDHM;÷ndice de Desenvolvimento Humano Municipal;÷ndice de Desenvolvimento Humano Municipal. MÇdia geomÇtrica dos °ndices das dimens‰es Renda, Educaá∆o e Longevidade, com pesos iguais.
IDHM_ E;IDHM Educaá∆o;÷ndice de Desenvolvimento Humano Municipal - Dimens∆o Educaá∆o;÷ndice sintÇtico da dimens∆o Educaá∆o que Ç um dos 3 componentes do IDHM. ê obtido atravÇs da mÇdia geomÇtrica do sub°ndice de frequància de crianáas e jovens Ö escola, com peso de 2/3, e do sub°ndice de escolaridade da populaá∆o adulta, com peso de 1/3.
IDHM_L;IDHM Longevidade;÷ndice de Desenvolvimento Humano Municipal  - Dimens∆o Longevidade;÷ndice da dimens∆o Longevidade que Ç um dos 3 componentes do IDHM. ê obtido a partir do indicador Esperanáa de vida ao nascer, atravÇs da f¢rmula: [(valor observado do indicador) - (valor m°nimo)] / [(valor m†ximo) - (valor m°nimo)], onde os valores m°nimo e m†ximo s∆o 25 e 85 anos, respectivamente. 
IDHM_R;IDHM Renda;÷ndice de Desenvolvimento Humano Municipal - Dimens∆o Renda;÷ndice da dimens∆o Renda que Ç um dos 3 componentes do IDHM. ê obtido a partir do indicador Renda per capita, atravÇs da f¢rmula: [ln (valor observado do indicador) - ln (valor m°nimo)] / [ln (valor m†ximo) - ln (valor m°nimo)], onde os valores m°nimo e m†ximo s∆o R$ 8,00 e R$ 4.033,00 (a preáos de agosto de 2010). 
